タスクID	タスク名	説明	カテゴリ	完成度	完成状況・更新理由	易用度	利用難易度	担当者	利用者・利用部署	最終動作確認日	表示順	AI操作マニュアルMD
TASK-PW-URL-CACHE	PWトーナメントURL管理	PokerWebのトーナメント名、Tournament ID、URLをブラウザ内の共通URL Cacheへ保存・監査・修復する。	共通補助	90	実運用可能。新しいイベントの追加や大会名変更後は、Cacheの再収集・監査が必要。	普通	大会名を変更した場合、または同名のトーナメントを作成した場合、過去のCacheが不整合データ（汚染データ）として残る可能性があります。その場合は、マニュアルに従って該当データを確認し、削除する必要があります。	Sha	カスタマー		1	TASK-PW-URL-CACHE_PWトーナメントURL管理_AI操作マニュアル.md
TASK-PW-PANEL-HELPER	PWツールパネル移動補助	PokerWeb上の対応済みPWツールパネルを移動し、選択したパネルを手前へ表示する。	共通補助	90	実運用可能。新しいPWスクリプトのパネルを追加した場合は、対応パネルIDの更新が必要。	易	導入後の追加設定は不要です。PokerWebを再読み込みすれば、対応済みのPWツールパネルをそのまま移動できます。	Sha	カスタマー		2	TASK-PW-PANEL-HELPER_PWツールパネル移動補助_AI操作マニュアル.md
TASK-TICKET-GRANT	TICKET自動付与	Game IDと正式なTICKET名を記載したTSVをPWへ貼り付け、ナショナルチケットを一括付与する。	TICKET	90	実運用可能。PokerWebの画面仕様やTICKET構成が変更された場合は更新が必要。	易	TSVのGame ID・正式なTICKET名・枚数が正しければ、そのまま貼り付けて実行できます。PWのナショナルチケット画面以外では使用しません。	Sha	カスタマー		3	TASK-TICKET-GRANT_TICKET自動付与_AI操作マニュアル.md
TASK-PW-CREATE	PWでトーナメント作成	TSVのトーナメント情報を読み込み、PokerWebへトーナメントを新規作成する。	PokerWeb	60	基本フローは使用可能。新しいトーナメント形式や作成項目を追加する場合は更新と動作確認が必要。	普通	取り込んだTSVの内容がそのままトーナメント設定へ反映されるため、作成前に大会名・日時・金額・回数・Chips・TICKET名に誤りがないことを確認する必要があります。	Sha	カスタマー		4	TASK-PW-CREATE_PWでトーナメント作成_AI操作マニュアル.md
TASK-PW-PATCH	PW作成トーナメントの設定修正	既存トーナメントの名称、Item Fee、EN・RE Chipsなど、指定された項目だけを修正する。	PokerWeb	80	対象限定の修正は運用可能。新しい修正項目を追加する場合は更新が必要。	普通	空欄は「変更なし」、0は「0へ変更」として扱われます。同名大会やDay違いがある場合は、URLまたはTournament IDを指定しないと別大会を修正する危険があります。	Sha	カスタマー		5	TASK-PW-PATCH_PW作成トーナメントの設定修正_AI操作マニュアル.md
TASK-TICKET-LINK	TICKET LINK	対象トーナメントと受付用TICKETを確認し、既存トーナメントへTICKET LINKを設定する。	PokerWeb	60	基本フローは使用可能。同名トーナメントやTICKETルール追加時は確認と更新が必要。	普通	同名大会・Day違い・複数のTICKET候補がある場合は自動確定できません。候補URLと正式なTICKET名を確認し、正しい組み合わせを選ぶ必要があります。	Sha	カスタマー		6	TASK-TICKET-LINK_TICKET LINK_AI操作マニュアル.md
TASK-PW-DC	PW作成トーナメントのDC	トーナメント名、開始条件、EN・RE・TE、Chips、TICKET LINK、USDTなどの主要設定をDCする。	PokerWeb	80	主要設定の読み取り確認は運用可能。新しい設定項目を追加した場合はチェック項目の更新が必要。	普通	大会表とTicket Link表は、表頭・日付行・空欄列を含めてそのまま貼り付ける必要があります。空欄列を削除すると、大会とTICKETの対応がずれます。	Sha	カスタマー		7	TASK-PW-DC_PW作成トーナメントのDC_AI操作マニュアル.md
TASK-PW-CLOSE-AUDIT	トーナメントCLOSE・監査	複数トーナメントのCLOSE処理と設定監査を分けて実行する。	PokerWeb	60	CLOSEと監査の分離実行は可能。イベントごとのURL解決と結果確認が必要。	易	CLOSEは実際に大会を終了させる処理です。対象URLを確定したTSVだけを使用し、CLOSEと監査を別操作として実行する必要があります。	Sha	カスタマー		8	TASK-PW-CLOSE-AUDIT_トーナメントCLOSE・監査_AI操作マニュアル.md
TASK-PW-PRIZE	PWのPrize入力・DC	Prize PLANを作成してPokerWebへ入力し、入力結果とGame IDをDCする。	Prize	80	Prize PLANの作成・入力・確認は運用可能。新しいPrize形式や重名トーナメントでは追加確認が必要。	普通	同名大会・Day違い・Tag／2on2／3on3などの複数人制では、自動判定できない場合があります。PLANで人数展開、順位、金額を確認してからPWへ入力する必要があります。	Sha	カスタマー		9	TASK-PW-PRIZE_PWのPrize入力・DC_AI操作マニュアル.md
TASK-PW-COIN	PW Coin 自動リクエスト	支払対象と未払いPrizeを照合し、対象者へPW Coinを順番にリクエストする。	Prize	60	基本処理は使用可能。支払条件やPrize形式の変更時は更新と実機確認が必要。	易	コインPrize管理Sheetには多数の大会が含まれるため、表頭を含め、今回使用する大会分のTournament Prizeだけを選んで貼り付ける必要があります。	Sha	カスタマー		10	TASK-PW-COIN_PW Coin 自動リクエスト_AI操作マニュアル.md
TASK-RECEIPT-MANUAL	領収書自動生成・送信	Google Formの申請内容とPokerWebの支払情報を照合し、領収書PDFの生成・確認・メール送信を行う。	領収書	95	実運用可能。新しいForm列、対象トーナメントまたはメール設定を追加する場合は更新が必要。	難	PokerWeb確認用Tampermonkeyと領収書発行GSの2つを併用するため、処理手順が複雑です。申請数が多い大会では誤入力・重複申請・誤申請が増えるため、コードが自動除外する条件と、人工確認で「処理終了」「確認OK」「処理方針」をどう使い分けるかを事前に理解する必要があります。	Sha	カスタマー		11	TASK-RECEIPT-MANUAL_領収書自動生成・送信_AI操作マニュアル.md
TASK-PRE-RESERVATION-MAIL	事前予約メール送信	事前予約Formの回答からメール種別別のREPORTとGmail下書きを作成し、確認後に送信する。	メール	80	3on3、2on2・Tag、Heads-upの実運用テンプレートをコピーして使用可能。大会ごとにForm内容、メール本文、Form URL、LivePocket URLなどの差し替えが必要。	難	申請数が多い大会では重複申請が多く、コードの重複判定とスタッフがSheet上で行った編集・承認が一致しない場合があります。事前に重複排除ロジックを理解し、どの回答を残すか、どの回答を除外するかを人工確認する必要があります。	Sha	カスタマー		12	TASK-PRE-RESERVATION-MAIL_事前予約メール送信_AI操作マニュアル.md
TASK-MIX-CONFIRMATION	MIX参加確認受付	固定端末で参加確認を受け付け、確認時刻と端末情報をGoogle Sheetへ記録する。	受付	99	実運用可能。対象トーナメントや確認文言を変更する場合は設定更新が必要。	易	日常利用は専用端末で確認ボタンを押すだけです。同じブラウザで複数のGoogleアカウントを使用すると、正しいアカウントが選ばれずAppを開けない場合があります。	Sha	カスタマー		13	TASK-MIX-CONFIRMATION_MIX参加確認受付_AI操作マニュアル.md
TASK-BULK-MAIL	メール一括自動送信	Google Sheetの宛先と差し込み項目からGmail下書きを一括作成し、確認後にまとめて送信する。	メール	80	汎用メール送信フローは運用可能。差し込み列や添付条件を変更する場合は設定確認が必要。	易	差し替える項目はすべて{{表頭名}}の形式で指定します。添付ファイルはGoogle Driveへ保存し、設定にはそのファイルのURLを使用する必要があります。	Sha	カスタマー		14	TASK-BULK-MAIL_メール一括自動送信_AI操作マニュアル.md
TASK-BYBIT-DEPOSIT	Bybit入金管理APP	Bybitへログインせず、登録済みAPIデータソースの入金履歴を社内Web Appで確認・検索・保存する。	入金管理	80	主要機能は未テスト。管理権限を持つ責任者のアカウントでAPI情報を登録し、実データの取得・表示を確認する必要がある。	易	日常利用はログイン後にデータソースを選び、更新ボタンを押すだけです。API Keyの追加・更新は管理者が行い、Secretを利用者やAIへ渡しません。	Sha	カスタマー		15	TASK-BYBIT-DEPOSIT_Bybit入金管理APP_AI操作マニュアル.md
TASK-HENDON-AI	Hendon AI自動生成	イベント資料と既存テンプレートをAIへ渡し、Hendon Mob提出用のTHM_EVENTS・THM_RESULTSを生成して検証する。	データ作成	80	Fukuoka版で生成実績あり。イベントごとに元データと特殊順位・参加人数を再確認する必要がある。	難	Tag Team、3on3、Dealの順位展開と、複数日大会の参加人数集計に注意が必要です。Day 1は合算しますが、Day 2・Day 3進出者は参加人数へ再加算しません。	Sha	カスタマー		16	TASK-HENDON-AI_Hendon AI自動生成_AI操作マニュアル.md
TASK-USDT-AI	USDT表 AI補助作成	既存Google Sheetの数式と構造を維持しながら、AIの補助でUSDT表を作成・更新する。	データ作成	70	AIと利用可能な連携機能により結果の精度が変わる。構造確認、質問、作業用Sheet作成、監査までの標準手順は整備済みだが、今日と同等の品質は保証しない。	普通	既存Sheetの数式セルを壊さず、入力対象のセルだけを更新する必要があります。AIへSheet全体を渡し、数式列と手入力列を先に区別させます。	Sha	カスタマー		17	TASK-USDT-AI_USDT表 AI補助作成_AI操作マニュアル.md
TASK-TOURNAMENT-CUE-AI	トナメカンペ AI補助作成	既存Google Sheetのバインド機能とAIを使い、トーナメント用カンペを作成して指定コードで色付けする。	データ作成	70	AIと利用可能な連携機能により結果の精度が変わる。TournamentsとSlackを使う確認手順は整備済みだが、今日と同等の判断・仕上がりは保証しない。	普通	カンペ内容の作成に加えて、J列の色コードを完全一致で入力する必要があります。表記が違うと既存の色付け機能が反映されません。	Sha	カスタマー		18	TASK-TOURNAMENT-CUE-AI_トナメカンペ AI補助作成_AI操作マニュアル.md
TASK-TREASURY-MANAGEMENT-AI	金庫管理 AI補助作成	Tournamentsと受付運用を基準に、AIの補助で金庫管理の作業用Sheetを作成・監査する。	データ作成	70	AIと利用可能な連携機能により結果の精度が変わる。特殊科目とSlack運用の確認手順は整備済みだが、今日と同等の判断・仕上がりは保証しない。	普通	受付で実際に扱う金額、TICKET、Qualifiers、追加科目、備考をTournamentsとSlackから確認し、原本を変えずに作業する必要があります。	Sha	カスタマー		19	TASK-TREASURY-MANAGEMENT-AI_金庫管理 AI補助作成_AI操作マニュアル.md
